Area;Number;Designation;GroupID;Visible;Latitude;LatitudeDecimal;Longitud;LongitudeDecimal;Height (ft);Elevation (ft);Lighting;Type of obstacle
54N 13E;11740;ENBW WINDPARK BALTIC 2;1;Y;545701;54,9502777778;130546;13,0961111111;456;456;FR/FLGR;Wind turbine
54N 13E;11741;ENBW WINDPARK BALTIC 2 N4;1;Y;545927;54,9908333333;131251;13,2141666667;456;456;FR/FLGR;Wind turbine
54N 13E;11743;ENBW WINDPARK BALTIC 2 J8;1;Y;545809;54,9691666667;131046;13,1794444444;456;456;FR/FLGR;Wind turbine
54N 13E;11745;ENBW WINDPARK BALTIC 2 I8;1;Y;545756;54,9655555556;131013;13,1702777778;456;456;FR/FLGR;Wind turbine
54N 13E;11746;ENBW WINDPARK BALTIC 2 J6;1;Y;545849;54,9802777778;131029;13,1747222222;456;456;FR/FLGR;Wind turbine
54N 13E;11999;ENBW WINDPARK BALTIC 2;1;Y;545659;54,9497222222;130502;13,0838888889;456;456;FR/FLGR;Wind turbine
54N 13E;12000;ENBW WINDPARK BALTIC 2;1;Y;545727;54,9575;130534;13,0927777778;456;456;FR/FLGR;Wind turbine
54N 13E;12001;ENBW WINDPARK BALTIC 2;1;Y;545753;54,9647222222;130606;13,1016666667;456;456;FR/FLGR;Wind turbine
54N 13E;12003;ENBW WINDPARK BALTIC 2;1;Y;545730;54,9583333333;130617;13,1047222222;456;456;FR/FLGR;Wind turbine
54N 13E;12004;ENBW WINDPARK BALTIC 2;1;Y;545707;54,9519444444;130628;13,1077777778;456;456;FR/FLGR;Wind turbine
54N 13E;12005;ENBW WINDPARK BALTIC 2;1;Y;545819;54,9719444444;130638;13,1105555556;456;456;FR/FLGR;Wind turbine
54N 13E;12006;ENBW WINDPARK BALTIC 2;1;Y;545758;54,9661111111;130648;13,1133333333;456;456;FR/FLGR;Wind turbine
54N 13E;12007;ENBW WINDPARK BALTIC 2;1;Y;545737;54,9602777778;130658;13,1161111111;456;456;FR/FLGR;Wind turbine
54N 13E;12008;ENBW WINDPARK BALTIC 2;1;Y;545715;54,9541666667;130708;13,1188888889;456;456;FR/FLGR;Wind turbine
54N 13E;12009;ENBW WINDPARK BALTIC 2 E1;1;Y;545844;54,9788888889;130708;13,1188888889;456;456;FR/FLGR;Wind turbine
54N 13E;12010;ENBW WINDPARK BALTIC 2 E2;1;Y;545824;54,9733333333;130718;13,1216666667;456;456;FR/FLGR;Wind turbine
54N 13E;12011;ENBW WINDPARK BALTIC 2 E3;1;Y;545803;54,9675;130726;13,1238888889;456;456;FR/FLGR;Wind turbine
54N 13E;12012;ENBW WINDPARK BALTIC 2 E4;1;Y;545743;54,9619444444;130736;13,1266666667;456;456;FR/FLGR;Wind turbine
54N 13E;12013;ENBW WINDPARK BALTIC 2 E5;1;Y;545723;54,9563888889;130746;13,1294444444;456;456;FR/FLGR;Wind turbine
54N 13E;12014;ENBW WINDPARK BALTIC 2 F1;1;Y;545908;54,9855555556;130737;13,1269444444;456;456;FR/FLGR;Wind turbine
54N 13E;12015;ENBW WINDPARK BALTIC 2 F2;1;Y;545848;54,98;130747;13,1297222222;456;456;FR/FLGR;Wind turbine
54N 13E;12016;ENBW WINDPARK BALTIC 2 F3;1;Y;545829;54,9747222222;130755;13,1319444444;456;456;FR/FLGR;Wind turbine
54N 13E;12017;ENBW WINDPARK BALTIC 2 F4;1;Y;545810;54,9694444444;130804;13,1344444444;456;456;FR/FLGR;Wind turbine
54N 13E;12018;ENBW WINDPARK BALTIC 2 F5;1;Y;545751;54,9641666667;130814;13,1372222222;456;456;FR/FLGR;Wind turbine
54N 13E;12019;ENBW WINDPARK BALTIC 2 F6;1;Y;545731;54,9586111111;130823;13,1397222222;456;456;FR/FLGR;Wind turbine
54N 13E;12020;ENBW WINDPARK BALTIC 2 G1;1;Y;545932;54,9922222222;130806;13,135;456;456;FR/FLGR;Wind turbine
54N 13E;12021;ENBW WINDPARK BALTIC 2 G2;1;Y;545909;54,9858333333;130818;13,1383333333;456;456;FR/FLGR;Wind turbine
54N 13E;12022;ENBW WINDPARK BALTIC 2 G3;1;Y;545846;54,9794444444;130828;13,1411111111;456;456;FR/FLGR;Wind turbine
54N 13E;12023;ENBW WINDPARK BALTIC 2 G4;1;Y;545823;54,9730555556;130839;13,1441666667;456;456;FR/FLGR;Wind turbine
54N 13E;12024;ENBW WINDPARK BALTIC 2 G5;1;Y;545800;54,9666666667;130849;13,1469444444;456;456;FR/FLGR;Wind turbine
54N 13E;12025;ENBW WINDPARK BALTIC 2 G6;1;Y;545737;54,9602777778;130900;13,15;456;456;FR/FLGR;Wind turbine
54N 13E;12026;ENBW WINDPARK BALTIC 2 H1;1;Y;545956;54,9988888889;130837;13,1436111111;456;456;FR/FLGR;Wind turbine
54N 13E;12027;ENBW WINDPARK BALTIC 2 H2;1;Y;545937;54,9936111111;130845;13,1458333333;456;456;FR/FLGR;Wind turbine
54N 13E;12028;ENBW WINDPARK BALTIC 2 H3;1;Y;545919;54,9886111111;130853;13,1480555556;456;456;FR/FLGR;Wind turbine
54N 13E;12029;ENBW WINDPARK BALTIC 2 H4;1;Y;545900;54,9833333333;130902;13,1505555556;456;456;FR/FLGR;Wind turbine
54N 13E;12030;ENBW WINDPARK BALTIC 2 H5;1;Y;545841;54,9780555556;130911;13,1530555556;456;456;FR/FLGR;Wind turbine
54N 13E;12031;ENBW WINDPARK BALTIC 2 H6;1;Y;545822;54,9727777778;130920;13,1555555556;456;456;FR/FLGR;Wind turbine
54N 13E;12032;ENBW WINDPARK BALTIC 2 H7;1;Y;545803;54,9675;130929;13,1580555556;456;456;FR/FLGR;Wind turbine
54N 13E;12033;ENBW WINDPARK BALTIC 2 H8;1;Y;545745;54,9625;130938;13,1605555556;456;456;FR/FLGR;Wind turbine
54N 13E;12035;ENBW WINDPARK BALTIC 2 I2;1;Y;545959;54,9997222222;130916;13,1544444444;456;456;FR/FLGR;Wind turbine
54N 13E;12036;ENBW WINDPARK BALTIC 2 I3;1;Y;545938;54,9938888889;130925;13,1569444444;456;456;FR/FLGR;Wind turbine
54N 13E;12037;ENBW WINDPARK BALTIC 2 I4;1;Y;545918;54,9883333333;130934;13,1594444444;456;456;FR/FLGR;Wind turbine
54N 13E;12038;ENBW WINDPARK BALTIC 2 I5;1;Y;545857;54,9825;130944;13,1622222222;456;456;FR/FLGR;Wind turbine
54N 13E;12039;ENBW WINDPARK BALTIC 2 I6;1;Y;545837;54,9769444444;130954;13,165;456;456;FR/FLGR;Wind turbine
54N 13E;12040;ENBW WINDPARK BALTIC 2 L3;1;Y;545944;54,9955555556;131123;13,1897222222;456;456;FR/FLGR;Wind turbine
54N 13E;12041;ENBW WINDPARK BALTIC 2 L4;1;Y;545922;54,9894444444;131134;13,1927777778;456;456;FR/FLGR;Wind turbine
54N 13E;12042;ENBW WINDPARK BALTIC 2 L5;1;Y;545900;54,9833333333;131143;13,1952777778;456;456;FR/FLGR;Wind turbine
54N 13E;12043;ENBW WINDPARK BALTIC 2 L6;1;Y;545838;54,9772222222;131154;13,1983333333;456;456;FR/FLGR;Wind turbine
54N 13E;12045;ENBW WINDPARK BALTIC 2 M3;1;Y;545940;54,9944444444;131205;13,2013888889;456;456;FR/FLGR;Wind turbine
54N 13E;12046;ENBW WINDPARK BALTIC 2 M4;1;Y;545917;54,9880555556;131217;13,2047222222;456;456;FR/FLGR;Wind turbine
54N 13E;12047;ENBW WINDPARK BALTIC 2 M5;1;Y;545853;54,9813888889;131228;13,2077777778;456;456;FR/FLGR;Wind turbine
54N 13E;12048;ENBW WINDPARK BALTIC 2 N3;1;Y;545948;54,9966666667;131242;13,2116666667;456;456;FR/FLGR;Wind turbine
54N 13E;12049;ENBW WINDPARK BALTIC 2 N5;1;Y;545907;54,9852777778;131301;13,2169444444;456;456;FR/FLGR;Wind turbine
54N 13E;12052;ENBW WINDPARK BALTIC 2 O3;1;Y;545954;54,9983333333;131320;13,2222222222;456;456;FR/FLGR;Wind turbine
54N 13E;12053;ENBW WINDPARK BALTIC 2 O4;1;Y;545937;54,9936111111;131328;13,2244444444;456;456;FR/FLGR;Wind turbine
54N 13E;12055;ENBW WINDPARK BALTIC 2 I7;1;Y;545816;54,9711111111;131003;13,1675;456;456;FR/FLGR;Wind turbine
54N 13E;12059;ENBW WINDPARK BALTIC 2 J3;1;Y;545947;54,9963888889;131001;13,1669444444;456;456;FR/FLGR;Wind turbine
54N 13E;12060;ENBW WINDPARK BALTIC 2 J4;1;Y;545927;54,9908333333;131010;13,1694444444;456;456;FR/FLGR;Wind turbine
54N 13E;12061;ENBW WINDPARK BALTIC 2 J5;1;Y;545908;54,9855555556;131019;13,1719444444;456;456;FR/FLGR;Wind turbine
54N 13E;12062;ENBW WINDPARK BALTIC 2 J7;1;Y;545829;54,9747222222;131037;13,1769444444;456;456;FR/FLGR;Wind turbine
54N 13E;12065;ENBW WINDPARK BALTIC 2 K3;1;Y;545946;54,9961111111;131042;13,1783333333;456;456;FR/FLGR;Wind turbine
54N 13E;12066;ENBW WINDPARK BALTIC 2 K4;1;Y;545925;54,9902777778;131051;13,1808333333;456;456;FR/FLGR;Wind turbine
54N 13E;12067;ENBW WINDPARK BALTIC 2 K5;1;Y;545905;54,9847222222;131101;13,1836111111;456;456;FR/FLGR;Wind turbine
54N 13E;12068;ENBW WINDPARK BALTIC 2 K6;1;Y;545845;54,9791666667;131110;13,1861111111;456;456;FR/FLGR;Wind turbine
54N 13E;12069;ENBW WINDPARK BALTIC 2 K7;1;Y;545825;54,9736111111;131120;13,1888888889;456;456;FR/FLGR;Wind turbine
55N 12E;2;BARSEBÄCK/MALMÖ;;Y;554439,1;55,7441944444;125518,2;12,9217222222;361;371;F R;Chimney
55N 12E;857;MALMÖ/LIMHAMN 3;;Y;553524;55,59;125545;12,9291666667;394;404;F R;Chimney
55N 12E;3654;ÖRESUNDSBRON;;Y;553429;55,5747222222;124951;12,8308333333;669;669;F R/FLG W;Bridge pylon, 60 per minute
55N 12E;3960;ÖRESUNDSBRON;;Y;553432;55,5755555556;124923;12,8230555556;669;669;F R/FLG W;Bridge pylon, 60 per minute
55N 12E;4847;BARSEBÄCK;;Y;554444,6;55,7457222222;125548,4;12,9301111111;328;336;F R;Mast
55N 12E;4848;BARSEBÄCK/MALMÖ;;Y;554441,1;55,74475;125512,6;12,9201666667;361;361;F R;Chimney
55N 12E;5245;KLÖSINGE;;Y;555428;55,9077777778;125905;12,9847222222;335;499;F R;Wind turbine
55N 12E;5246;KLÖSINGE;;Y;555429;55,9080555556;125924;12,99;335;499;F R;Wind turbine
55N 12E;5247;KLÖSINGE;;Y;555440;55,9111111111;125910;12,9861111111;335;499;F R;Wind turbine
55N 12E;5248;KLÖSINGE;;Y;555440;55,9111111111;125929;12,9913888889;335;499;F R;Wind turbine
55N 12E;5249;KLÖSINGE;;Y;555452;55,9144444444;125915;12,9875;335;499;F R;Wind turbine
55N 12E;5250;KLÖSINGE;;Y;555452;55,9144444444;125934;12,9927777778;335;502;F R;Wind turbine
55N 12E;5389;LUNDÅKRA;;Y;555143;55,8619444444;125204;12,8677777778;394;394;F R;Wind turbine
55N 12E;5390;LUNDÅKRA;;Y;555131;55,8586111111;125155;12,8652777778;394;394;F R;Wind turbine
55N 12E;6434;V. HAMNEN MALMÖ;;Y;553648;55,6133333333;125835;12,9763888889;623;636;F R;Building
55N 12E;8895;LILLGRUND;2;Y;553102;55,5172222222;124812;12,8033333333;377;377;FLG R;Wind turbine
55N 12E;8896;LILLGRUND;2;Y;553042;55,5116666667;124743;12,7952777778;377;377;FLG R;Wind turbine
55N 12E;8897;LILLGRUND;2;Y;553032;55,5088888889;124728;12,7911111111;377;377;F R;Wind turbine
55N 12E;8898;LILLGRUND;2;Y;553022;55,5061111111;124713;12,7869444444;377;377;FLG R;Wind turbine
55N 12E;8899;LILLGRUND;2;Y;553012;55,5033333333;124659;12,7830555556;377;377;F R;Wind turbine
55N 12E;8900;LILLGRUND;2;Y;553002;55,5005555556;124644;12,7788888889;377;377;F R;Wind turbine
55N 12E;8901;LILLGRUND;2;Y;553107;55,5186111111;124756;12,7988888889;377;377;F R;Wind turbine
55N 12E;8902;LILLGRUND;2;Y;553047;55,5130555556;124727;12,7908333333;377;377;F R;Wind turbine
55N 12E;8903;LILLGRUND;2;Y;553037;55,5102777778;124712;12,7866666667;377;377;F R;Wind turbine
55N 12E;8904;LILLGRUND;2;Y;553017;55,5047222222;124643;12,7786111111;377;377;F R;Wind turbine
55N 12E;8905;LILLGRUND;2;Y;553007;55,5019444444;124629;12,7747222222;377;377;F R;Wind turbine
55N 12E;8906;LILLGRUND;2;Y;552957;55,4991666667;124614;12,7705555556;377;377;FLG R;Wind turbine
55N 12E;8907;LILLGRUND;2;Y;553111;55,5197222222;124741;12,7947222222;377;377;FLG R;Wind turbine
55N 12E;8908;LILLGRUND;2;Y;553101;55,5169444444;124726;12,7905555556;377;377;F R;Wind turbine
55N 12E;8909;LILLGRUND;2;Y;553051;55,5141666667;124712;12,7866666667;377;377;F R;Wind turbine
55N 12E;8910;LILLGRUND;2;Y;553052;55,5144444444;124757;12,7991666667;377;377;F R;Wind turbine
55N 12E;8936;LILLGRUND;2;Y;553057;55,5158333333;124742;12,795;377;377;F R;Wind turbine
55N 12E;8937;LILLGRUND;2;Y;553027;55,5075;124658;12,7827777778;377;377;F R;Wind turbine
55N 12E;8938;LILLGRUND;2;Y;553042;55,5116666667;124657;12,7825;377;377;F R;Wind turbine
55N 12E;8939;LILLGRUND;2;Y;553032;55,5088888889;124642;12,7783333333;377;377;F R;Wind turbine
55N 12E;8940;LILLGRUND;2;Y;553022;55,5061111111;124628;12,7744444444;377;377;F R;Wind turbine
55N 12E;8941;LILLGRUND;2;Y;553012;55,5033333333;124613;12,7702777778;377;377;F R;Wind turbine
55N 12E;8942;LILLGRUND;2;Y;553002;55,5005555556;124558;12,7661111111;377;377;F R;Wind turbine
55N 12E;8943;LILLGRUND;2;Y;553116;55,5211111111;124725;12,7902777778;377;377;F R;Wind turbine
55N 12E;8944;LILLGRUND;2;Y;553106;55,5183333333;124711;12,7863888889;377;377;F R;Wind turbine
55N 12E;8945;LILLGRUND;2;Y;553056;55,5155555556;124657;12,7825;377;377;F R;Wind turbine
55N 12E;8946;LILLGRUND;2;Y;553046;55,5127777778;124642;12,7783333333;377;377;F R;Wind turbine
55N 12E;8947;LILLGRUND;2;Y;553026;55,5072222222;124612;12,77;377;377;F R;Wind turbine
55N 12E;8948;LILLGRUND;2;Y;553016;55,5044444444;124558;12,7661111111;377;377;F R;Wind turbine
55N 12E;8949;LILLGRUND;2;Y;553006;55,5016666667;124543;12,7619444444;377;377;FLG R;Wind turbine
55N 12E;8950;LILLGRUND;2;Y;553120;55,5222222222;124709;12,7858333333;377;377;FLG R;Wind turbine
55N 12E;8951;LILLGRUND;2;Y;553111;55,5197222222;124655;12,7819444444;377;377;F R;Wind turbine
55N 12E;8952;LILLGRUND;2;Y;553101;55,5169444444;124641;12,7780555556;377;377;F R;Wind turbine
55N 12E;8953;LILLGRUND;2;Y;553051;55,5141666667;124626;12,7738888889;377;377;F R;Wind turbine
55N 12E;8954;LILLGRUND;2;Y;553021;55,5058333333;124542;12,7616666667;377;377;F R;Wind turbine
55N 12E;8955;LILLGRUND;2;Y;553105;55,5180555556;124625;12,7736111111;377;377;F R;Wind turbine
55N 12E;8956;LILLGRUND;2;Y;553055;55,5152777778;124611;12,7697222222;377;377;F R;Wind turbine
55N 12E;8957;LILLGRUND;2;Y;553045;55,5125;124556;12,7655555556;377;377;F R;Wind turbine
55N 12E;8958;LILLGRUND;2;Y;553036;55,51;124541;12,7613888889;377;377;F R;Wind turbine
55N 12E;8959;LILLGRUND;2;Y;553120;55,5222222222;124624;12,7733333333;377;377;F R;Wind turbine
55N 12E;8960;LILLGRUND;2;Y;553110;55,5194444444;124610;12,7694444444;377;377;F R;Wind turbine
55N 12E;8961;LILLGRUND;2;Y;553100;55,5166666667;124555;12,7652777778;377;377;F R;Wind turbine
55N 12E;8962;LILLGRUND;2;Y;553050;55,5138888889;124541;12,7613888889;377;377;F R;Wind turbine
55N 12E;8963;LILLGRUND;2;Y;553125;55,5236111111;124609;12,7691666667;377;377;FLG R;Wind turbine
55N 12E;8964;LILLGRUND;2;Y;553105;55,5180555556;124540;12,7611111111;377;377;FLG R;Wind turbine
55N 12E;8965;LILLGRUND;2;Y;553115;55,5208333333;124554;12,765;377;377;F R;Wind turbine
55N 12E;8967;LILLGRUND;2;Y;553031;55,5086111111;124557;12,7658333333;377;377;F R;Wind turbine
55N 12E;8968;LILLGRUND;2;Y;553115;55,5208333333;124640;12,7777777778;377;377;FLG R;Wind turbine
55N 12E;9073;LANDSKRONA;;Y;555141;55,8613888889;125231;12,8752777778;410;417;F R;Wind turbine
55N 12E;9074;LANDSKRONA;;Y;555128;55,8577777778;125137;12,8602777778;410;423;F R;Wind turbine
55N 12E;9301;OTTARP;;Y;555708;55,9522222222;125726;12,9572222222;328;554;F R;Wind turbine
55N 12E;10892;LANDSKRONA;;Y;555232;55,8755555556;125349;12,8969444444;410;466;FLG R;Wind turbine
55N 12E;10893;LANDSKRONA;;Y;555236;55,8766666667;125414;12,9038888889;410;456;FLG R;Wind turbine
55N 12E;10894;LANDSKRONA;;Y;555241;55,8780555556;125439;12,9108333333;410;456;FLG R;Wind turbine
55N 13E;9;HÖRBY 1;;Y;554822,2;55,8061666667;134315,7;13,7210277778;1060;1586;F R/FLG W;Pylon
55N 13E;10;HÖRRÖD;;Y;554715,4;55,7876111111;135845,9;13,9794166667;358;946;F R;Mast
55N 13E;12;TRELLEBORG;;Y;552321,6;55,3893333333;131146,9;13,1963611111;328;420;F R;Mast
55N 13E;13;BÖSARP;;Y;552442,4;55,4117777778;131730;13,2916666667;361;498;F R/FLG W;Mast
55N 13E;685;SVEDALA;;Y;552842;55,4783333333;131613,3;13,2703611111;354;615;F R;Mast
55N 13E;753;MAGLARP;;Y;552323,4;55,3898333333;130347,6;13,0632222222;394;432;F R/FLG W;Pylon
55N 13E;945;MALMÖ JÄGERSRO;;Y;553424,3;55,5734166667;130324,1;13,0566944444;351;407;F R;Tower
55N 13E;1080;MALMÖ/HELENEHOLMSVERKET;;Y;553440;55,5777777778;130044;13,0122222222;427;469;F R;Chimney
55N 13E;1462;MALMÖ/ ÖRESUNDSVERKET;;Y;553732;55,6255555556;130220;13,0388888889;328;338;-;Chimney
55N 13E;3811;TROLLEBERG;;Y;554159;55,6997222222;130756;13,1322222222;328;371;F R;Wind turbine
55N 13E;5188;ASSMÅSA;;Y;553302;55,5505555556;134531;13,7586111111;328;541;F R;Wind turbine
55N 13E;5189;ASSMÅSA;;Y;553301;55,5502777778;134544;13,7622222222;328;541;F R;Wind turbine
55N 13E;5190;ASSMÅSA;;Y;553257;55,5491666667;134556;13,7655555556;328;541;F R;Wind turbine
55N 13E;6563;SKIBARÖD;;Y;554813;55,8036111111;133250;13,5472222222;384;741;F R;Wind turbine
55N 13E;6564;VÄSTRABY;;Y;554754;55,7983333333;133236;13,5433333333;384;784;F R;Wind turbine
55N 13E;6565;VÄSTRABY;;Y;554807;55,8019444444;133235;13,5430555556;384;748;F R;Wind turbine
55N 13E;6566;VÄSTRABY;;Y;554801;55,8002777778;133251;13,5475;384;768;F R;Wind turbine
55N 13E;6880;NYGÅRDSHUS;;Y;554950;55,8305555556;132611;13,4363888889;394;715;F R;Wind turbine
55N 13E;6881;NYGÅRDSHUS;;Y;554959;55,8330555556;132611;13,4363888889;394;702;F R;Wind turbine
55N 13E;6882;NYGÅRDSHUS;;Y;555008;55,8355555556;132611;13,4363888889;394;692;F R;Wind turbine
55N 13E;6883;NYGÅRDSHUS;;Y;555017;55,8380555556;132612;13,4366666667;394;692;F R;Wind turbine
55N 13E;6884;NYGÅRDSHUS;;Y;555026;55,8405555556;132612;13,4366666667;394;692;F R;Wind turbine
55N 13E;8222;GETINGE;;Y;554515;55,7541666667;131727;13,2908333333;331;463;F R;Wind turbine
55N 13E;8223;GETINGE;;Y;554533;55,7591666667;131750;13,2972222222;331;463;F R;Wind turbine
55N 13E;8224;GETINGE;;Y;554543;55,7619444444;131804;13,3011111111;331;463;F R;Wind turbine
55N 13E;8321;VÄRLINGE;;Y;555319;55,8886111111;132318;13,3883333333;390;673;F R;Wind turbine
55N 13E;8322;VÄRLINGE;;Y;555316;55,8877777778;132334;13,3927777778;390;679;F R;Wind turbine
55N 13E;8734;PLATFORM FINO 2;;Y;550025;55,0069444444;130906;13,1516666667;340;340;F R;Tower, Platform
55N 13E;8830;MALMÖ;;Y;553734;55,6261111111;130227;13,0408333333;328;338;F R;Chimney
55N 13E;9003;LUND;;Y;554418;55,7383333333;131514;13,2538888889;331;584;F R;Wind turbine
55N 13E;9004;LUND;;Y;554424;55,74;131530;13,2583333333;331;581;F R;Wind turbine
55N 13E;9005;LUND;;Y;554429;55,7413888889;131545;13,2625;331;545;F R;Wind turbine
55N 13E;9183;MALMÖ;;Y;553756;55,6322222222;130042;13,0116666667;394;397;F R;Wind turbine
55N 13E;9255;NÄSBYHOLM;;Y;552703;55,4508333333;132813;13,4702777778;331;499;F R;Wind turbine
55N 13E;9256;NÄSBYHOLM;;Y;552709;55,4525;132801;13,4669444444;331;512;F R;Wind turbine
55N 13E;9257;NÄSBYHOLM;;Y;552716;55,4544444444;132750;13,4638888889;331;509;F R;Wind turbine
55N 13E;9258;NÄSBYHOLM;;Y;552723;55,4563888889;132739;13,4608333333;331;499;F R;Wind turbine
55N 13E;9419;LYBY;;Y;554923;55,8230555556;133838;13,6438888889;390;784;FLG R;Wind turbine
55N 13E;9420;LYBY;;Y;554929;55,8247222222;133859;13,6497222222;390;784;FLG R;Wind turbine
55N 13E;9422;EVERÖD;;Y;553545;55,5958333333;135628;13,9411111111;328;574;F R;Wind turbine
55N 13E;9423;EVERÖD;;Y;553535;55,5930555556;135636;13,9433333333;328;574;FLG R;Wind turbine
55N 13E;9506;NYGÅRDSHUS;;Y;554941;55,8280555556;132612;13,4366666667;390;712;F R;Wind turbine
55N 13E;9553;SKARHULT;;Y;554723;55,7897222222;132150;13,3638888889;390;581;F R;Wind turbine
55N 13E;9554;SKARHULT;;Y;554716;55,7877777778;132156;13,3655555556;390;587;F R;Wind turbine
55N 13E;9555;SKARHULT;;Y;554709;55,7858333333;132203;13,3675;390;600;F R;Wind turbine
55N 13E;9556;SKARHULT;;Y;554702;55,7838888889;132210;13,3694444444;390;607;F R;Wind turbine
55N 13E;9597;ÄSPINGE;;Y;554706;55,785;132426;13,4072222222;390;712;FLG R;Wind turbine
55N 13E;9598;ÄSPINGE;;Y;554705;55,7847222222;132406;13,4016666667;390;692;FLG R;Wind turbine
55N 13E;9599;ÄSPINGE;;Y;554718;55,7883333333;132427;13,4075;390;725;FLG R;Wind turbine
55N 13E;9600;ÄSPINGE;;Y;554716;55,7877777778;132408;13,4022222222;390;699;FLG R;Wind turbine
55N 13E;9606;KUNGSHULT;;Y;555049;55,8469444444;132856;13,4822222222;456;751;F R;Wind turbine
55N 13E;9607;KUNGSHULT;;Y;555036;55,8433333333;132903;13,4841666667;456;741;F R;Wind turbine
55N 13E;9608;KUNGSHULT;;Y;555039;55,8441666667;132836;13,4766666667;456;722;F R;Wind turbine
55N 13E;9709;ÄSPERÖD;;Y;553712;55,62;135534;13,9261111111;390;679;FLG R;Wind turbine
55N 13E;9710;ÄSPERÖD;;Y;553724;55,6233333333;135524;13,9233333333;390;709;FLG R;Wind turbine
55N 13E;9784;HÖGSERÖD;;Y;554819;55,8052777778;133235;13,5430555556;410;761;FLG R;Wind turbine
55N 13E;9788;HÖGERSRÖD;;Y;554825;55,8069444444;133249;13,5469444444;410;764;FLG R;Wind turbine
55N 13E;9804;HÖNSINGE;;Y;552544;55,4288888889;132351;13,3975;410;568;FLG R;Wind turbine
55N 13E;9805;HÖNSINGE;;Y;552545;55,4291666667;132412;13,4033333333;410;561;FLG R;Wind turbine
55N 13E;9806;HÖNSINGE;;Y;552546;55,4294444444;132433;13,4091666667;410;548;FLG R;Wind turbine
55N 13E;9840;ST. HERRESTAD;;Y;552911;55,4863888889;135231;13,8752777778;328;482;FLG R;Wind turbine
55N 13E;10009;MINNESBERG;;Y;552841;55,4780555556;131139;13,1941666667;390;571;FLG R;Wind turbine
55N 13E;10123;SVALÖV;;Y;555407;55,9019444444;130851;13,1475;328;525;FLG R;Wind turbine
55N 13E;10124;SVALÖV;;Y;555413;55,9036111111;130834;13,1427777778;328;535;FLG R;Wind turbine
55N 13E;10147;MARIEHOLM;;Y;555231;55,8752777778;130729;13,1247222222;328;449;FLG R;Wind turbine
55N 13E;10255;TROLLEBERG;;Y;554202;55,7005555556;130744;13,1288888889;390;430;FLG R;Wind turbine
55N 13E;10256;TROLLEBERG;;Y;554203;55,7008333333;130728;13,1244444444;390;423;FLG R;Wind turbine
55N 13E;10257;TOMELILLA;;Y;553525;55,5902777778;135931;13,9919444444;390;659;FLG R;Wind turbine
55N 13E;10328;BOARP;;Y;554921;55,8225;134636;13,7766666667;453;971;FLG R;Wind turbine
55N 13E;10329;BOARP;;Y;554911;55,8197222222;134612;13,77;453;978;FLG R;Wind turbine
55N 13E;10330;BOARP;;Y;554905;55,8180555556;134639;13,7775;453;974;FLG R;Wind turbine
55N 13E;10331;SVALÖV;;Y;555722;55,9561111111;130253;13,0480555556;410;656;FLG R;Wind turbine
55N 13E;10332;SVALÖV;;Y;555710;55,9527777778;130302;13,0505555556;410;653;FLG R;Wind turbine
55N 13E;10333;SVALÖV;;Y;555658;55,9494444444;130311;13,0530555556;410;653;FLG R;Wind turbine
55N 13E;10338;RÅBY;;Y;554930;55,825;133921;13,6558333333;390;784;FLG R;Wind turbine
55N 13E;10423;KÄVLINGE;;Y;554940;55,8277777778;130744;13,1288888889;410;515;FLG R;Wind turbine
55N 13E;10424;KÄVLINGE;;Y;554934;55,8261111111;130804;13,1344444444;410;515;FLG R;Wind turbine
55N 13E;10425;KÄVLINGE;;Y;554928;55,8244444444;130824;13,14;410;518;FLG R;Wind turbine
55N 13E;10506;KLÅGERUP;;Y;553648;55,6133333333;131602;13,2672222222;417;469;FLG R;Wind turbine
55N 13E;10507;KLÅGERUP;;Y;553638;55,6105555556;131614;13,2705555556;417;456;FLG R;Wind turbine
55N 13E;10508;KLÅGERUP;;Y;553628;55,6077777778;131625;13,2736111111;417;453;FLG R;Wind turbine
55N 13E;10509;RAMSÅSA;;Y;553428;55,5744444444;135334;13,8927777778;328;541;FLG R;Wind turbine
55N 13E;10510;KLÅGERUP;;Y;553644;55,6122222222;131429;13,2413888889;390;427;FLG R;Wind turbine
55N 13E;10586;SKABERSJÖ;;Y;553217;55,5380555556;131110;13,1861111111;410;564;FLG R;Wind turbine
55N 13E;10587;SKABERSJÖ;;Y;553223;55,5397222222;131132;13,1922222222;410;554;FLG R;Wind turbine
55N 13E;10588;SKABERSJÖ;;Y;553231;55,5419444444;131056;13,1822222222;410;558;FLG R;Wind turbine
55N 13E;10589;SKABERSJÖ;;Y;553124;55,5233333333;130919;13,1552777778;410;561;FLG R;Wind turbine
55N 13E;10590;SKABERSJÖ;;Y;553113;55,5202777778;130926;13,1572222222;410;531;FLG R;Wind turbine
55N 13E;10684;VINNINGE;;Y;553643;55,6119444444;131450;13,2472222222;390;413;FLG R;Wind turbine
55N 13E;10685;VINNINGE;;Y;553642;55,6116666667;131510;13,2527777778;390;436;FLG R;Wind turbine
55N 13E;10698;ST BEDDINGE;;Y;552334;55,3927777778;132609;13,4358333333;410;482;FLG R;Wind turbine
55N 13E;10778;ST HERRESTAD;;Y;552900;55,4833333333;135035;13,8430555556;328;476;FLG R;Wind turbine
55N 13E;10779;ST HERRESTAD;;Y;552904;55,4844444444;135052;13,8477777778;328;489;FLG R;Wind turbine
55N 13E;10780;ST HERRESTAD;;Y;552900;55,4833333333;135109;13,8525;328;486;FLG R;Wind turbine
55N 13E;11433;SVALÖV;;Y;555444;55,9122222222;130327;13,0575;335;558;FLG R;Wind turbine
55N 13E;11434;SVALÖV;;Y;555443;55,9119444444;130313;13,0536111111;335;545;FLG R;Wind turbine
55N 13E;11550;LINDERÖD;;Y;555535;55,9263888889;134453;13,7480555556;328;853;F R;Mast
55N 13E;11718;TOMELILLA;;Y;553351;55,5641666667;135849;13,9802777778;390;659;FLG R;Wind turbine
55N 13E;11739;ENBW WINDPARK BALTIC 2 M2;;Y;550005;55,0013888889;131154;13,1983333333;456;456;FR/FLGR;Wind turbine
55N 13E;11742;ENBW WINDPARK BALTIC 2 N2;;Y;550009;55,0025;131233;13,2091666667;456;456;FR/FLGR;Wind turbine
55N 13E;11744;ENBW WINDPARK BALTIC 2 N1;;Y;550029;55,0080555556;131223;13,2063888889;456;456;FR/FLGR;Wind turbine
55N 13E;12034;ENBW WINDPARK BALTIC 2 I1;;Y;550019;55,0052777778;130906;13,1516666667;456;456;FR/FLGR;Wind turbine
55N 13E;12044;ENBW WINDPARK BALTIC 2 M1;;Y;550028;55,0077777778;131143;13,1952777778;456;456;FR/FLGR;Wind turbine
55N 13E;12050;ENBW WINDPARK BALTIC 2 O1;;Y;550030;55,0083333333;131303;13,2175;456;456;FR/FLGR;Wind turbine
55N 13E;12051;ENBW WINDPARK BALTIC 2 O2;;Y;550012;55,0033333333;131311;13,2197222222;456;456;FR/FLGR;Wind turbine
55N 13E;12054;ENBW WINDPARK BALTIC 2 P2;;Y;550008;55,0022222222;131354;13,2316666667;456;456;FR/FLGR;Wind turbine
55N 13E;12056;ENBW WINDPARK BALTIC 2 P1;;Y;550031;55,0086111111;131333;13,2258333333;456;456;FR/FLGR;Wind turbine
55N 13E;12057;ENBW WINDPARK BALTIC 2 J1;;Y;550026;55,0072222222;130943;13,1619444444;456;456;FR/FLGR;Wind turbine
55N 13E;12058;ENBW WINDPARK BALTIC 2 J2;;Y;550006;55,0016666667;130952;13,1644444444;456;456;FR/FLGR;Wind turbine
55N 13E;12063;ENBW WINDPARK BALTIC 2 K1;;Y;550027;55,0075;131022;13,1727777778;456;456;FR/FLGR;Wind turbine
55N 13E;12064;ENBW WINDPARK BALTIC 2 K2;;Y;550006;55,0016666667;131032;13,1755555556;456;456;FR/FLGR;Wind turbine
55N 13E;12070;ENBW WINDPARK BALTIC 2 L1;;Y;550028;55,0077777778;131103;13,1841666667;456;456;FR/FLGR;Wind turbine
55N 13E;12071;ENBW WINDPARK BALTIC 2 L2;;Y;550006;55,0016666667;131113;13,1869444444;456;456;FR/FLGR;Wind turbine
55N 13E;12114;BILLEBERGA;;Y;555339;55,8941666667;130141;13,0280555556;433;636;FLG R;Wind turbine
55N 13E;12115;TIRUP;;Y;555341;55,8947222222;130204;13,0344444444;433;646;FLG R;Wind turbine
55N 13E;12236;TOLLARP;;Y;555317;55,8880555556;135557;13,9325;328;912;F R;Mast
55N 13E;12391;Ö SÖNNARSLÖV;;Y;555205;55,8680555556;135729;13,9580555556;492;1102;FLG R;Wind turbine
55N 13E;12392;Ö SÖNNARSLÖV;;Y;555226;55,8738888889;135741;13,9613888889;492;1037;F R;Wind turbine
55N 13E;12393;Ö SÖNNARSLÖV;;Y;555220;55,8722222222;135810;13,9694444444;492;1056;FLG R;Wind turbine
55N 13E;12394;Ö SÖNNARSLÖV;;Y;555234;55,8761111111;135838;13,9772222222;492;1027;FLG R;Wind turbine
55N 13E;12395;Ö SÖNNARSLÖV;;Y;555255;55,8819444444;135814;13,9705555556;492;978;FLG R;Wind turbine
55N 13E;12396;Ö SÖNNARSLÖV;;Y;555238;55,8772222222;135812;13,97;492;1014;F R;Wind turbine
55N 13E;12397;Ö SÖNNARSLÖV;;Y;555246;55,8794444444;135737;13,9602777778;492;1030;F R;Wind turbine
55N 13E;12398;Ö SÖNNARSLÖV;;Y;555221;55,8725;135706;13,9516666667;492;1093;FLG R;Wind turbine
55N 13E;12399;Ö SÖNNARSLÖV;;Y;555226;55,8738888889;135636;13,9433333333;492;1066;FLG R;Wind turbine
55N 13E;12400;Ö SÖNNARSLÖV;;Y;555233;55,8758333333;135605;13,9347222222;492;1096;FLG R;Wind turbine
55N 13E;12401;Ö SÖNNARSLÖV;;Y;555305;55,8847222222;135753;13,9647222222;492;997;FLG R;Wind turbine
55N 13E;12402;Ö SÖNNARSLÖV;;Y;555313;55,8869444444;135726;13,9572222222;492;1030;FLG R;Wind turbine
55N 13E;12403;Ö SÖNNARSLÖV;;Y;555326;55,8905555556;135722;13,9561111111;492;1010;FLG R;Wind turbine
55N 13E;12404;Ö SÖNNARSLÖV;;Y;555337;55,8936111111;135702;13,9505555556;492;1033;FLG R;Wind turbine
55N 13E;12405;Ö SÖNNARSLÖV;;Y;555302;55,8838888889;135605;13,9347222222;492;1099;FLG R;Wind turbine
55N 13E;12406;Ö SÖNNARSLÖV;;Y;555251;55,8808333333;135624;13,94;492;1063;F R;Wind turbine
55N 13E;12407;Ö SÖNNARSLÖV;;Y;555324;55,89;135640;13,9444444444;492;1089;FLG R;Wind turbine
55N 13E;12421;Ö SÖNNARSLÖV;;Y;555316;55,8877777778;135609;13,9358333333;492;1079;FLG R;Wind turbine
55N 13E;12600;ÖNNARP;;Y;552553;55,4313888889;132648;13,4466666667;394;545;FLG R;Wind turbine
55N 13E;12605;OXIE;;Y;553311;55,5530555556;130451;13,0808333333;328;492;F R;Mast
55N 13E;12607;TIRUP;;Y;555344;55,8955555556;130256;13,0488888889;492;689;FLG R;Wind turbine
55N 13E;12617;KÄVLINGE;;Y;554638;55,7772222222;131153;13,1980555556;390;499;FLG R;Wind turbine
55N 13E;12618;KÄVLINGE;;Y;554631;55,7752777778;131134;13,1927777778;390;495;FLG R;Wind turbine
55N 13E;12619;KÄVLINGE;;Y;554626;55,7738888889;131153;13,1980555556;390;499;FLG R;Wind turbine
55N 14E;20;KIVIK;;Y;554005,1;55,6680833333;140929;14,1580555556;361;926;F R;Mast
55N 14E;21;GLIMMINGE;;Y;553004,4;55,5012222222;141539,3;14,2609166667;361;585;F R;Mast
55N 14E;885;LISTERLANDET/BJÖRKENABBEN;;Y;555929,4;55,9915;144000,2;14,6667222222;453;458;F R;Mast
55N 14E;4432;LISTERLANDET/BJÖRKENABBEN;;Y;555926;55,9905555556;144001,8;14,6671666667;453;460;F R;Mast
55N 14E;8606;LYNGBY;;Y;555255;55,8819444444;140929;14,1580555556;459;479;FLG R;Wind turbine
55N 14E;8607;LYNGBY;;Y;555250;55,8805555556;140954;14,165;459;476;FLG R;Wind turbine
55N 14E;9061;BORRBY;;Y;552813;55,4702777778;141013;14,1702777778;328;476;F R;Wind turbine
55N 14E;9547;HUARÖD;;Y;555018;55,8383333333;140028;14,0077777778;328;853;F R;Mast
55N 14E;9626;BORRBY;;Y;552822;55,4727777778;141012;14,17;331;479;FLG R;Wind turbine
55N 14E;9802;EVERÖD;;Y;555307;55,8852777778;140935;14,1597222222;459;479;FLG R;Wind turbine
55N 14E;9803;EVERÖD;;Y;555304;55,8844444444;140951;14,1641666667;459;476;FLG R;Wind turbine
55N 14E;9978;GÄRSNÄS;;Y;553133;55,5258333333;141127;14,1908333333;410;541;FLG R;Wind turbine
55N 14E;9979;GÄRSNÄS;;Y;553144;55,5288888889;141123;14,1897222222;410;541;FLG R;Wind turbine
55N 14E;9980;GÄRSNÄS;;Y;553155;55,5319444444;141119;14,1886111111;410;558;FLG R;Wind turbine
55N 14E;9981;GÄRSNÄS;;Y;553107;55,5186111111;141053;14,1813888889;410;541;FLG R;Wind turbine
55N 14E;9982;GÄRSNÄS;;Y;553118;55,5216666667;141051;14,1808333333;410;548;FLG R;Wind turbine
55N 14E;9983;GÄRSNÄS;;Y;553146;55,5294444444;141203;14,2008333333;410;541;FLG R;Wind turbine
55N 14E;9984;GÄRSNÄS;;Y;553159;55,5330555556;140842;14,145;410;591;FLG R;Wind turbine
55N 14E;9985;GÄRSNÄS;;Y;553148;55,53;140853;14,1480555556;410;594;FLG R;Wind turbine
55N 14E;9986;GÄRSNÄS;;Y;553156;55,5322222222;140908;14,1522222222;410;587;FLG R;Wind turbine
55N 14E;10701;BORRBY;;Y;552815;55,4708333333;141128;14,1911111111;328;486;FLG R;Wind turbine
55N 14E;12104;TAGGEN VINDPARK;;Y;555222;55,8727777778;143110;14,5194444444;328;328;F R;Mast
56N 12E;25;HALMSTAD/OSKARSTRÖM;;Y;564723;56,7897222222;12561;12,9336111111;1066;1523;F R/FLG W;Mast
56N 12E;26;HÄLSINGBORG;;Y;560044;56,0122222222;124247;12,7130555556;400;423;F R;Chimney
56N 12E;27;HÄLSINGBORG/OLYMPIA;;Y;560312;56,0533333333;124229;12,7080555556;361;492;F R;Mast
56N 12E;750;HELSINGBORG 2;;Y;560206;56,035;124141;12,6947222222;394;404;F R;Chimney
56N 12E;5977;KÄRRET;;Y;565952;56,9977777778;122903;12,4841666667;328;390;F R;Wind turbine
56N 12E;7623;LÖNHULT;;Y;561110;56,1861111111;124213;12,7036111111;328;351;F R;Wind turbine
56N 12E;8732;LÅNGÅS;;Y;565947;56,9963888889;122825;12,4736111111;410;469;F R;Wind turbine
56N 12E;8785;LÅNGÅS;;Y;565943;56,9952777778;122759;12,4663888889;410;469;F R;Wind turbine
56N 12E;8786;LÅNGÅS;;Y;565934;56,9927777778;122810;12,4694444444;410;469;F R;Wind turbine
56N 12E;8787;LÅNGÅS;;Y;565937;56,9936111111;122833;12,4758333333;410;476;F R;Wind turbine
56N 12E;9265;MIDDELGRUND;;Y;563347;56,5630555556;120621;12,1058333333;394;394;F R;Mast
56N 12E;9394;LINDHULT;;Y;565655;56,9486111111;122759;12,4663888889;459;509;FLG R;Wind turbine
56N 12E;9395;LINDHULT;;Y;565647;56,9463888889;122815;12,4708333333;459;509;FLG R;Wind turbine
56N 12E;9396;LINDHULT;;Y;565638;56,9438888889;122831;12,4752777778;459;505;FLG R;Wind turbine
56N 12E;9397;LINDHULT;;Y;565629;56,9413888889;122848;12,48;459;509;FLG R;Wind turbine
56N 12E;10019;TORUP;;Y;565513;56,9202777778;125906;12,985;492;1040;FLG R;Wind turbine
56N 12E;10020;TORUP;;Y;565526;56,9238888889;125910;12,9861111111;492;1093;FLG R;Wind turbine
56N 12E;10021;TORUP;;Y;565539;56,9275;125905;12,9847222222;492;1079;FLG R;Wind turbine
56N 12E;10022;TORUP;;Y;565554;56,9316666667;125857;12,9825;492;1102;FLG R;Wind turbine
56N 12E;10141;ÅRSTAD;;Y;565457;56,9158333333;124443;12,7452777778;394;830;F R;Mast
56N 12E;10600;VESSIGEBRO;;Y;565747;56,9630555556;124439;12,7441666667;492;974;FLG R;Wind turbine
56N 12E;10601;VESSIGEBRO;;Y;565753;56,9647222222;124506;12,7516666667;492;961;FLG R;Wind turbine
56N 12E;10602;VESSIGEBRO;;Y;565756;56,9655555556;124540;12,7611111111;492;925;FLG R;Wind turbine
56N 12E;10603;VESSIGEBRO;;Y;565810;56,9694444444;124606;12,7683333333;492;873;FLG R;Wind turbine
56N 12E;10604;VESSIGEBRO;;Y;565809;56,9691666667;124528;12,7577777778;492;860;FLG R;Wind turbine
56N 12E;10605;VESSIGEBRO;;Y;565806;56,9683333333;124458;12,7494444444;492;883;FLG R;Wind turbine
56N 12E;11231;BJÖRSERED;;Y;565954;56,9983333333;125041;12,8447222222;335;778;F R;Mast
56N 12E;11245;VESSIGEBRO;;Y;565958;56,9994444444;124216;12,7044444444;492;863;FLG R;Wind turbine
56N 12E;11250;VESSIGEBRO;;Y;565940;56,9944444444;124359;12,7330555556;492;965;FLG R;Wind turbine
56N 12E;11251;VESSIGEBRO;;Y;565954;56,9983333333;124348;12,73;492;869;FLG R;Wind turbine
56N 12E;11436;FYLLINGE;;Y;563923;56,6563888889;125939;12,9941666667;476;728;FLG R;Wind turbine
56N 12E;11437;FYLLINGE;;Y;563903;56,6508333333;125946;12,9961111111;476;719;FLG R;Wind turbine
56N 12E;11503;VESSIGEBRO;;Y;565754;56,965;124706;12,785;489;886;FLG R;Wind turbine
56N 12E;11504;VESSIGEBRO;;Y;565822;56,9727777778;124723;12,7897222222;489;873;FLG R;Wind turbine
