Area;Number;Designation;GroupID;Visible;Latitude;LatitudeDecimal;Longitud;LongitudeDecimal;Height (ft);Elevation (ft);Lighting;Type of obstacle;;;;
54N 13E;11740;ENBW WINDPARK BALTIC 2;1;Y;545701;54,95027778;130546;13,09611111;456;456;FR/FLGR;Wind turbine;;;;
54N 13E;11741;ENBW WINDPARK BALTIC 2 N4;1;Y;545927;54,99083333;131251;13,21416667;456;456;FR/FLGR;Wind turbine;;;;
54N 13E;11743;ENBW WINDPARK BALTIC 2 J8;1;Y;545809;54,96916667;131046;13,17944444;456;456;FR/FLGR;Wind turbine;;;;
54N 13E;11745;ENBW WINDPARK BALTIC 2 I8;1;Y;545756;54,96555556;131013;13,17027778;456;456;FR/FLGR;Wind turbine;;;;
54N 13E;11746;ENBW WINDPARK BALTIC 2 J6;1;Y;545849;54,98027778;131029;13,17472222;456;456;FR/FLGR;Wind turbine;;;;
54N 13E;11999;ENBW WINDPARK BALTIC 2;1;Y;545659;54,94972222;130502;13,08388889;456;456;FR/FLGR;Wind turbine;;;;
54N 13E;12000;ENBW WINDPARK BALTIC 2;1;Y;545727;54,9575;130534;13,09277778;456;456;FR/FLGR;Wind turbine;;;;
54N 13E;12001;ENBW WINDPARK BALTIC 2;1;Y;545753;54,96472222;130606;13,10166667;456;456;FR/FLGR;Wind turbine;;;;
54N 13E;12003;ENBW WINDPARK BALTIC 2;1;Y;545730;54,95833333;130617;13,10472222;456;456;FR/FLGR;Wind turbine;;;;
54N 13E;12004;ENBW WINDPARK BALTIC 2;1;Y;545707;54,95194444;130628;13,10777778;456;456;FR/FLGR;Wind turbine;;;;
54N 13E;12005;ENBW WINDPARK BALTIC 2;1;Y;545819;54,97194444;130638;13,11055556;456;456;FR/FLGR;Wind turbine;;;;
54N 13E;12006;ENBW WINDPARK BALTIC 2;1;Y;545758;54,96611111;130648;13,11333333;456;456;FR/FLGR;Wind turbine;;;;
54N 13E;12007;ENBW WINDPARK BALTIC 2;1;Y;545737;54,96027778;130658;13,11611111;456;456;FR/FLGR;Wind turbine;;;;
54N 13E;12008;ENBW WINDPARK BALTIC 2;1;Y;545715;54,95416667;130708;13,11888889;456;456;FR/FLGR;Wind turbine;;;;
54N 13E;12009;ENBW WINDPARK BALTIC 2 E1;1;Y;545844;54,97888889;130708;13,11888889;456;456;FR/FLGR;Wind turbine;;;;
54N 13E;12010;ENBW WINDPARK BALTIC 2 E2;1;Y;545824;54,97333333;130718;13,12166667;456;456;FR/FLGR;Wind turbine;;;;
54N 13E;12011;ENBW WINDPARK BALTIC 2 E3;1;Y;545803;54,9675;130726;13,12388889;456;456;FR/FLGR;Wind turbine;;;;
54N 13E;12012;ENBW WINDPARK BALTIC 2 E4;1;Y;545743;54,96194444;130736;13,12666667;456;456;FR/FLGR;Wind turbine;;;;
54N 13E;12013;ENBW WINDPARK BALTIC 2 E5;1;Y;545723;54,95638889;130746;13,12944444;456;456;FR/FLGR;Wind turbine;;;;
54N 13E;12014;ENBW WINDPARK BALTIC 2 F1;1;Y;545908;54,98555556;130737;13,12694444;456;456;FR/FLGR;Wind turbine;;;;
54N 13E;12015;ENBW WINDPARK BALTIC 2 F2;1;Y;545848;54,98;130747;13,12972222;456;456;FR/FLGR;Wind turbine;;;;
54N 13E;12016;ENBW WINDPARK BALTIC 2 F3;1;Y;545829;54,97472222;130755;13,13194444;456;456;FR/FLGR;Wind turbine;;;;
54N 13E;12017;ENBW WINDPARK BALTIC 2 F4;1;Y;545810;54,96944444;130804;13,13444444;456;456;FR/FLGR;Wind turbine;;;;
54N 13E;12018;ENBW WINDPARK BALTIC 2 F5;1;Y;545751;54,96416667;130814;13,13722222;456;456;FR/FLGR;Wind turbine;;;;
54N 13E;12019;ENBW WINDPARK BALTIC 2 F6;1;Y;545731;54,95861111;130823;13,13972222;456;456;FR/FLGR;Wind turbine;;;;
54N 13E;12020;ENBW WINDPARK BALTIC 2 G1;1;Y;545932;54,99222222;130806;13,135;456;456;FR/FLGR;Wind turbine;;;;
54N 13E;12021;ENBW WINDPARK BALTIC 2 G2;1;Y;545909;54,98583333;130818;13,13833333;456;456;FR/FLGR;Wind turbine;;;;
54N 13E;12022;ENBW WINDPARK BALTIC 2 G3;1;Y;545846;54,97944444;130828;13,14111111;456;456;FR/FLGR;Wind turbine;;;;
54N 13E;12023;ENBW WINDPARK BALTIC 2 G4;1;Y;545823;54,97305556;130839;13,14416667;456;456;FR/FLGR;Wind turbine;;;;
54N 13E;12024;ENBW WINDPARK BALTIC 2 G5;1;Y;545800;54,96666667;130849;13,14694444;456;456;FR/FLGR;Wind turbine;;;;
54N 13E;12025;ENBW WINDPARK BALTIC 2 G6;1;Y;545737;54,96027778;130900;13,15;456;456;FR/FLGR;Wind turbine;;;;
54N 13E;12026;ENBW WINDPARK BALTIC 2 H1;1;Y;545956;54,99888889;130837;13,14361111;456;456;FR/FLGR;Wind turbine;;;;
54N 13E;12027;ENBW WINDPARK BALTIC 2 H2;1;Y;545937;54,99361111;130845;13,14583333;456;456;FR/FLGR;Wind turbine;;;;
54N 13E;12028;ENBW WINDPARK BALTIC 2 H3;1;Y;545919;54,98861111;130853;13,14805556;456;456;FR/FLGR;Wind turbine;;;;
54N 13E;12029;ENBW WINDPARK BALTIC 2 H4;1;Y;545900;54,98333333;130902;13,15055556;456;456;FR/FLGR;Wind turbine;;;;
54N 13E;12030;ENBW WINDPARK BALTIC 2 H5;1;Y;545841;54,97805556;130911;13,15305556;456;456;FR/FLGR;Wind turbine;;;;
54N 13E;12031;ENBW WINDPARK BALTIC 2 H6;1;Y;545822;54,97277778;130920;13,15555556;456;456;FR/FLGR;Wind turbine;;;;
54N 13E;12032;ENBW WINDPARK BALTIC 2 H7;1;Y;545803;54,9675;130929;13,15805556;456;456;FR/FLGR;Wind turbine;;;;
54N 13E;12033;ENBW WINDPARK BALTIC 2 H8;1;Y;545745;54,9625;130938;13,16055556;456;456;FR/FLGR;Wind turbine;;;;
54N 13E;12035;ENBW WINDPARK BALTIC 2 I2;1;Y;545959;54,99972222;130916;13,15444444;456;456;FR/FLGR;Wind turbine;;;;
54N 13E;12036;ENBW WINDPARK BALTIC 2 I3;1;Y;545938;54,99388889;130925;13,15694444;456;456;FR/FLGR;Wind turbine;;;;
54N 13E;12037;ENBW WINDPARK BALTIC 2 I4;1;Y;545918;54,98833333;130934;13,15944444;456;456;FR/FLGR;Wind turbine;;;;
54N 13E;12038;ENBW WINDPARK BALTIC 2 I5;1;Y;545857;54,9825;130944;13,16222222;456;456;FR/FLGR;Wind turbine;;;;
54N 13E;12039;ENBW WINDPARK BALTIC 2 I6;1;Y;545837;54,97694444;130954;13,165;456;456;FR/FLGR;Wind turbine;;;;
54N 13E;12040;ENBW WINDPARK BALTIC 2 L3;1;Y;545944;54,99555556;131123;13,18972222;456;456;FR/FLGR;Wind turbine;;;;
54N 13E;12041;ENBW WINDPARK BALTIC 2 L4;1;Y;545922;54,98944444;131134;13,19277778;456;456;FR/FLGR;Wind turbine;;;;
54N 13E;12042;ENBW WINDPARK BALTIC 2 L5;1;Y;545900;54,98333333;131143;13,19527778;456;456;FR/FLGR;Wind turbine;;;;
54N 13E;12043;ENBW WINDPARK BALTIC 2 L6;1;Y;545838;54,97722222;131154;13,19833333;456;456;FR/FLGR;Wind turbine;;;;
54N 13E;12045;ENBW WINDPARK BALTIC 2 M3;1;Y;545940;54,99444444;131205;13,20138889;456;456;FR/FLGR;Wind turbine;;;;
54N 13E;12046;ENBW WINDPARK BALTIC 2 M4;1;Y;545917;54,98805556;131217;13,20472222;456;456;FR/FLGR;Wind turbine;;;;
54N 13E;12047;ENBW WINDPARK BALTIC 2 M5;1;Y;545853;54,98138889;131228;13,20777778;456;456;FR/FLGR;Wind turbine;;;;
54N 13E;12048;ENBW WINDPARK BALTIC 2 N3;1;Y;545948;54,99666667;131242;13,21166667;456;456;FR/FLGR;Wind turbine;;;;
54N 13E;12049;ENBW WINDPARK BALTIC 2 N5;1;Y;545907;54,98527778;131301;13,21694444;456;456;FR/FLGR;Wind turbine;;;;
54N 13E;12052;ENBW WINDPARK BALTIC 2 O3;1;Y;545954;54,99833333;131320;13,22222222;456;456;FR/FLGR;Wind turbine;;;;
54N 13E;12053;ENBW WINDPARK BALTIC 2 O4;1;Y;545937;54,99361111;131328;13,22444444;456;456;FR/FLGR;Wind turbine;;;;
54N 13E;12055;ENBW WINDPARK BALTIC 2 I7;1;Y;545816;54,97111111;131003;13,1675;456;456;FR/FLGR;Wind turbine;;;;
54N 13E;12059;ENBW WINDPARK BALTIC 2 J3;1;Y;545947;54,99638889;131001;13,16694444;456;456;FR/FLGR;Wind turbine;;;;
54N 13E;12060;ENBW WINDPARK BALTIC 2 J4;1;Y;545927;54,99083333;131010;13,16944444;456;456;FR/FLGR;Wind turbine;;;;
54N 13E;12061;ENBW WINDPARK BALTIC 2 J5;1;Y;545908;54,98555556;131019;13,17194444;456;456;FR/FLGR;Wind turbine;;;;
54N 13E;12062;ENBW WINDPARK BALTIC 2 J7;1;Y;545829;54,97472222;131037;13,17694444;456;456;FR/FLGR;Wind turbine;;;;
54N 13E;12065;ENBW WINDPARK BALTIC 2 K3;1;Y;545946;54,99611111;131042;13,17833333;456;456;FR/FLGR;Wind turbine;;;;
54N 13E;12066;ENBW WINDPARK BALTIC 2 K4;1;Y;545925;54,99027778;131051;13,18083333;456;456;FR/FLGR;Wind turbine;;;;
54N 13E;12067;ENBW WINDPARK BALTIC 2 K5;1;Y;545905;54,98472222;131101;13,18361111;456;456;FR/FLGR;Wind turbine;;;;
54N 13E;12068;ENBW WINDPARK BALTIC 2 K6;1;Y;545845;54,97916667;131110;13,18611111;456;456;FR/FLGR;Wind turbine;;;;
54N 13E;12069;ENBW WINDPARK BALTIC 2 K7;1;Y;545825;54,97361111;131120;13,18888889;456;456;FR/FLGR;Wind turbine;;;;
55N 12E;2;BARSEB€CK/MALM…;;Y;554439,1;55,74419444;125518,2;12,92172222;361;371;F R;Chimney;;;;
55N 12E;857;MALM…/LIMHAMN 3;;Y;553524;55,59;125545;12,92916667;394;404;F R;Chimney;;;;
55N 12E;3654;…RESUNDSBRON;;Y;553429;55,57472222;124951;12,83083333;669;669;F R/FLG W;Bridge pylon, 60 per minute;;;;
55N 12E;3960;…RESUNDSBRON;;Y;553432;55,57555556;124923;12,82305556;669;669;F R/FLG W;Bridge pylon, 60 per minute;;;;
55N 12E;4847;BARSEB€CK;;Y;554444,6;55,74572222;125548,4;12,93011111;328;336;F R;Mast;;;;
55N 12E;4848;BARSEB€CK/MALM…;;Y;554441,1;55,74475;125512,6;12,92016667;361;361;F R;Chimney;;;;
55N 12E;5245;KL…SINGE;;Y;555428;55,90777778;125905;12,98472222;335;499;F R;Wind turbine;;;;
55N 12E;5246;KL…SINGE;;Y;555429;55,90805556;125924;12,99;335;499;F R;Wind turbine;;;;
55N 12E;5247;KL…SINGE;;Y;555440;55,91111111;125910;12,98611111;335;499;F R;Wind turbine;;;;
55N 12E;5248;KL…SINGE;;Y;555440;55,91111111;125929;12,99138889;335;499;F R;Wind turbine;;;;
55N 12E;5249;KL…SINGE;;Y;555452;55,91444444;125915;12,9875;335;499;F R;Wind turbine;;;;
55N 12E;5250;KL…SINGE;;Y;555452;55,91444444;125934;12,99277778;335;502;F R;Wind turbine;;;;
55N 12E;5389;LUNDKRA;;Y;555143;55,86194444;125204;12,86777778;394;394;F R;Wind turbine;;;;
55N 12E;5390;LUNDKRA;;Y;555131;55,85861111;125155;12,86527778;394;394;F R;Wind turbine;;;;
55N 12E;6434;V. HAMNEN MALM…;;Y;553648;55,61333333;125835;12,97638889;623;636;F R;Building;;;;
55N 12E;8895;LILLGRUND;2;Y;553102;55,51722222;124812;12,80333333;377;377;FLG R;Wind turbine;;;;
55N 12E;8896;LILLGRUND;2;Y;553042;55,51166667;124743;12,79527778;377;377;FLG R;Wind turbine;;;;
55N 12E;8897;LILLGRUND;2;Y;553032;55,50888889;124728;12,79111111;377;377;F R;Wind turbine;;;;
55N 12E;8898;LILLGRUND;2;Y;553022;55,50611111;124713;12,78694444;377;377;FLG R;Wind turbine;;;;
55N 12E;8899;LILLGRUND;2;Y;553012;55,50333333;124659;12,78305556;377;377;F R;Wind turbine;;;;
55N 12E;8900;LILLGRUND;2;Y;553002;55,50055556;124644;12,77888889;377;377;F R;Wind turbine;;;;
55N 12E;8901;LILLGRUND;2;Y;553107;55,51861111;124756;12,79888889;377;377;F R;Wind turbine;;;;
55N 12E;8902;LILLGRUND;2;Y;553047;55,51305556;124727;12,79083333;377;377;F R;Wind turbine;;;;
55N 12E;8903;LILLGRUND;2;Y;553037;55,51027778;124712;12,78666667;377;377;F R;Wind turbine;;;;
55N 12E;8904;LILLGRUND;2;Y;553017;55,50472222;124643;12,77861111;377;377;F R;Wind turbine;;;;
55N 12E;8905;LILLGRUND;2;Y;553007;55,50194444;124629;12,77472222;377;377;F R;Wind turbine;;;;
55N 12E;8906;LILLGRUND;2;Y;552957;55,49916667;124614;12,77055556;377;377;FLG R;Wind turbine;;;;
55N 12E;8907;LILLGRUND;2;Y;553111;55,51972222;124741;12,79472222;377;377;FLG R;Wind turbine;;;;
55N 12E;8908;LILLGRUND;2;Y;553101;55,51694444;124726;12,79055556;377;377;F R;Wind turbine;;;;
55N 12E;8909;LILLGRUND;2;Y;553051;55,51416667;124712;12,78666667;377;377;F R;Wind turbine;;;;
55N 12E;8910;LILLGRUND;2;Y;553052;55,51444444;124757;12,79916667;377;377;F R;Wind turbine;;;;
55N 12E;8936;LILLGRUND;2;Y;553057;55,51583333;124742;12,795;377;377;F R;Wind turbine;;;;
55N 12E;8937;LILLGRUND;2;Y;553027;55,5075;124658;12,78277778;377;377;F R;Wind turbine;;;;
55N 12E;8938;LILLGRUND;2;Y;553042;55,51166667;124657;12,7825;377;377;F R;Wind turbine;;;;
55N 12E;8939;LILLGRUND;2;Y;553032;55,50888889;124642;12,77833333;377;377;F R;Wind turbine;;;;
55N 12E;8940;LILLGRUND;2;Y;553022;55,50611111;124628;12,77444444;377;377;F R;Wind turbine;;;;
55N 12E;8941;LILLGRUND;2;Y;553012;55,50333333;124613;12,77027778;377;377;F R;Wind turbine;;;;
55N 12E;8942;LILLGRUND;2;Y;553002;55,50055556;124558;12,76611111;377;377;F R;Wind turbine;;;;
55N 12E;8943;LILLGRUND;2;Y;553116;55,52111111;124725;12,79027778;377;377;F R;Wind turbine;;;;
55N 12E;8944;LILLGRUND;2;Y;553106;55,51833333;124711;12,78638889;377;377;F R;Wind turbine;;;;
55N 12E;8945;LILLGRUND;2;Y;553056;55,51555556;124657;12,7825;377;377;F R;Wind turbine;;;;
55N 12E;8946;LILLGRUND;2;Y;553046;55,51277778;124642;12,77833333;377;377;F R;Wind turbine;;;;
55N 12E;8947;LILLGRUND;2;Y;553026;55,50722222;124612;12,77;377;377;F R;Wind turbine;;;;
55N 12E;8948;LILLGRUND;2;Y;553016;55,50444444;124558;12,76611111;377;377;F R;Wind turbine;;;;
55N 12E;8949;LILLGRUND;2;Y;553006;55,50166667;124543;12,76194444;377;377;FLG R;Wind turbine;;;;
55N 12E;8950;LILLGRUND;2;Y;553120;55,52222222;124709;12,78583333;377;377;FLG R;Wind turbine;;;;
55N 12E;8951;LILLGRUND;2;Y;553111;55,51972222;124655;12,78194444;377;377;F R;Wind turbine;;;;
55N 12E;8952;LILLGRUND;2;Y;553101;55,51694444;124641;12,77805556;377;377;F R;Wind turbine;;;;
55N 12E;8953;LILLGRUND;2;Y;553051;55,51416667;124626;12,77388889;377;377;F R;Wind turbine;;;;
55N 12E;8954;LILLGRUND;2;Y;553021;55,50583333;124542;12,76166667;377;377;F R;Wind turbine;;;;
55N 12E;8955;LILLGRUND;2;Y;553105;55,51805556;124625;12,77361111;377;377;F R;Wind turbine;;;;
55N 12E;8956;LILLGRUND;2;Y;553055;55,51527778;124611;12,76972222;377;377;F R;Wind turbine;;;;
55N 12E;8957;LILLGRUND;2;Y;553045;55,5125;124556;12,76555556;377;377;F R;Wind turbine;;;;
55N 12E;8958;LILLGRUND;2;Y;553036;55,51;124541;12,76138889;377;377;F R;Wind turbine;;;;
55N 12E;8959;LILLGRUND;2;Y;553120;55,52222222;124624;12,77333333;377;377;F R;Wind turbine;;;;
55N 12E;8960;LILLGRUND;2;Y;553110;55,51944444;124610;12,76944444;377;377;F R;Wind turbine;;;;
55N 12E;8961;LILLGRUND;2;Y;553100;55,51666667;124555;12,76527778;377;377;F R;Wind turbine;;;;
55N 12E;8962;LILLGRUND;2;Y;553050;55,51388889;124541;12,76138889;377;377;F R;Wind turbine;;;;
55N 12E;8963;LILLGRUND;2;Y;553125;55,52361111;124609;12,76916667;377;377;FLG R;Wind turbine;;;;
55N 12E;8964;LILLGRUND;2;Y;553105;55,51805556;124540;12,76111111;377;377;FLG R;Wind turbine;;;;
55N 12E;8965;LILLGRUND;2;Y;553115;55,52083333;124554;12,765;377;377;F R;Wind turbine;;;;
55N 12E;8967;LILLGRUND;2;Y;553031;55,50861111;124557;12,76583333;377;377;F R;Wind turbine;;;;
55N 12E;8968;LILLGRUND;2;Y;553115;55,52083333;124640;12,77777778;377;377;FLG R;Wind turbine;;;;
55N 12E;9073;LANDSKRONA;;Y;555141;55,86138889;125231;12,87527778;410;417;F R;Wind turbine;;;;
55N 12E;9074;LANDSKRONA;;Y;555128;55,85777778;125137;12,86027778;410;423;F R;Wind turbine;;;;
55N 12E;9301;OTTARP;;Y;555708;55,95222222;125726;12,95722222;328;554;F R;Wind turbine;;;;
55N 12E;10892;LANDSKRONA;;Y;555232;55,87555556;125349;12,89694444;410;466;FLG R;Wind turbine;;;;
55N 12E;10893;LANDSKRONA;;Y;555236;55,87666667;125414;12,90388889;410;456;FLG R;Wind turbine;;;;
55N 12E;10894;LANDSKRONA;;Y;555241;55,87805556;125439;12,91083333;410;456;FLG R;Wind turbine;;;;
55N 13E;9;H…RBY 1;;Y;554822,2;55,80616667;134315,7;13,72102778;1060;1586;F R/FLG W;Pylon;;;;
55N 13E;10;H…RR…D;;Y;554715,4;55,78761111;135845,9;13,97941667;358;946;F R;Mast;;;;
55N 13E;12;TRELLEBORG;;Y;552321,6;55,38933333;131146,9;13,19636111;328;420;F R;Mast;;;;
55N 13E;13;B…SARP;;Y;552442,4;55,41177778;131730;13,29166667;361;498;F R/FLG W;Mast;;;;
55N 13E;685;SVEDALA;;Y;552842;55,47833333;131613,3;13,27036111;354;615;F R;Mast;;;;
55N 13E;753;MAGLARP;;Y;552323,4;55,38983333;130347,6;13,06322222;394;432;F R/FLG W;Pylon;;;;
55N 13E;945;MALM… J€GERSRO;;Y;553424,3;55,57341667;130324,1;13,05669444;351;407;F R;Tower;;;;
55N 13E;1080;MALM…/HELENEHOLMSVERKET;;Y;553440;55,57777778;130044;13,01222222;427;469;F R;Chimney;;;;
55N 13E;1462;MALM…/ …RESUNDSVERKET;;Y;553732;55,62555556;130220;13,03888889;328;338;-;Chimney;;;;
55N 13E;3811;TROLLEBERG;;Y;554159;55,69972222;130756;13,13222222;328;371;F R;Wind turbine;;;;
55N 13E;5188;ASSMSA;;Y;553302;55,55055556;134531;13,75861111;328;541;F R;Wind turbine;;;;
55N 13E;5189;ASSMSA;;Y;553301;55,55027778;134544;13,76222222;328;541;F R;Wind turbine;;;;
55N 13E;5190;ASSMSA;;Y;553257;55,54916667;134556;13,76555556;328;541;F R;Wind turbine;;;;
55N 13E;6563;SKIBAR…D;;Y;554813;55,80361111;133250;13,54722222;384;741;F R;Wind turbine;;;;
55N 13E;6564;V€STRABY;;Y;554754;55,79833333;133236;13,54333333;384;784;F R;Wind turbine;;;;
55N 13E;6565;V€STRABY;;Y;554807;55,80194444;133235;13,54305556;384;748;F R;Wind turbine;;;;
55N 13E;6566;V€STRABY;;Y;554801;55,80027778;133251;13,5475;384;768;F R;Wind turbine;;;;
55N 13E;6880;NYGRDSHUS;;Y;554950;55,83055556;132611;13,43638889;394;715;F R;Wind turbine;;;;
55N 13E;6881;NYGRDSHUS;;Y;554959;55,83305556;132611;13,43638889;394;702;F R;Wind turbine;;;;
55N 13E;6882;NYGRDSHUS;;Y;555008;55,83555556;132611;13,43638889;394;692;F R;Wind turbine;;;;
55N 13E;6883;NYGRDSHUS;;Y;555017;55,83805556;132612;13,43666667;394;692;F R;Wind turbine;;;;
55N 13E;6884;NYGRDSHUS;;Y;555026;55,84055556;132612;13,43666667;394;692;F R;Wind turbine;;;;
55N 13E;8222;GETINGE;;Y;554515;55,75416667;131727;13,29083333;331;463;F R;Wind turbine;;;;
55N 13E;8223;GETINGE;;Y;554533;55,75916667;131750;13,29722222;331;463;F R;Wind turbine;;;;
55N 13E;8224;GETINGE;;Y;554543;55,76194444;131804;13,30111111;331;463;F R;Wind turbine;;;;
55N 13E;8321;V€RLINGE;;Y;555319;55,88861111;132318;13,38833333;390;673;F R;Wind turbine;;;;
55N 13E;8322;V€RLINGE;;Y;555316;55,88777778;132334;13,39277778;390;679;F R;Wind turbine;;;;
55N 13E;8734;PLATFORM FINO 2;;Y;550025;55,00694444;130906;13,15166667;340;340;F R;Tower, Platform;;;;
55N 13E;8830;MALM…;;Y;553734;55,62611111;130227;13,04083333;328;338;F R;Chimney;;;;
55N 13E;9003;LUND;;Y;554418;55,73833333;131514;13,25388889;331;584;F R;Wind turbine;;;;
55N 13E;9004;LUND;;Y;554424;55,74;131530;13,25833333;331;581;F R;Wind turbine;;;;
55N 13E;9005;LUND;;Y;554429;55,74138889;131545;13,2625;331;545;F R;Wind turbine;;;;
55N 13E;9183;MALM…;;Y;553756;55,63222222;130042;13,01166667;394;397;F R;Wind turbine;;;;
55N 13E;9255;N€SBYHOLM;;Y;552703;55,45083333;132813;13,47027778;331;499;F R;Wind turbine;;;;
55N 13E;9256;N€SBYHOLM;;Y;552709;55,4525;132801;13,46694444;331;512;F R;Wind turbine;;;;
55N 13E;9257;N€SBYHOLM;;Y;552716;55,45444444;132750;13,46388889;331;509;F R;Wind turbine;;;;
55N 13E;9258;N€SBYHOLM;;Y;552723;55,45638889;132739;13,46083333;331;499;F R;Wind turbine;;;;
55N 13E;9419;LYBY;;Y;554923;55,82305556;133838;13,64388889;390;784;FLG R;Wind turbine;;;;
55N 13E;9420;LYBY;;Y;554929;55,82472222;133859;13,64972222;390;784;FLG R;Wind turbine;;;;
55N 13E;9422;EVER…D;;Y;553545;55,59583333;135628;13,94111111;328;574;F R;Wind turbine;;;;
55N 13E;9423;EVER…D;;Y;553535;55,59305556;135636;13,94333333;328;574;FLG R;Wind turbine;;;;
55N 13E;9506;NYGRDSHUS;;Y;554941;55,82805556;132612;13,43666667;390;712;F R;Wind turbine;;;;
55N 13E;9553;SKARHULT;;Y;554723;55,78972222;132150;13,36388889;390;581;F R;Wind turbine;;;;
55N 13E;9554;SKARHULT;;Y;554716;55,78777778;132156;13,36555556;390;587;F R;Wind turbine;;;;
55N 13E;9555;SKARHULT;;Y;554709;55,78583333;132203;13,3675;390;600;F R;Wind turbine;;;;
55N 13E;9556;SKARHULT;;Y;554702;55,78388889;132210;13,36944444;390;607;F R;Wind turbine;;;;
55N 13E;9597;€SPINGE;;Y;554706;55,785;132426;13,40722222;390;712;FLG R;Wind turbine;;;;
55N 13E;9598;€SPINGE;;Y;554705;55,78472222;132406;13,40166667;390;692;FLG R;Wind turbine;;;;
55N 13E;9599;€SPINGE;;Y;554718;55,78833333;132427;13,4075;390;725;FLG R;Wind turbine;;;;
55N 13E;9600;€SPINGE;;Y;554716;55,78777778;132408;13,40222222;390;699;FLG R;Wind turbine;;;;
55N 13E;9606;KUNGSHULT;;Y;555049;55,84694444;132856;13,48222222;456;751;F R;Wind turbine;;;;
55N 13E;9607;KUNGSHULT;;Y;555036;55,84333333;132903;13,48416667;456;741;F R;Wind turbine;;;;
55N 13E;9608;KUNGSHULT;;Y;555039;55,84416667;132836;13,47666667;456;722;F R;Wind turbine;;;;
55N 13E;9709;€SPER…D;;Y;553712;55,62;135534;13,92611111;390;679;FLG R;Wind turbine;;;;
55N 13E;9710;€SPER…D;;Y;553724;55,62333333;135524;13,92333333;390;709;FLG R;Wind turbine;;;;
55N 13E;9784;H…GSER…D;;Y;554819;55,80527778;133235;13,54305556;410;761;FLG R;Wind turbine;;;;
55N 13E;9788;H…GERSR…D;;Y;554825;55,80694444;133249;13,54694444;410;764;FLG R;Wind turbine;;;;
55N 13E;9804;H…NSINGE;;Y;552544;55,42888889;132351;13,3975;410;568;FLG R;Wind turbine;;;;
55N 13E;9805;H…NSINGE;;Y;552545;55,42916667;132412;13,40333333;410;561;FLG R;Wind turbine;;;;
55N 13E;9806;H…NSINGE;;Y;552546;55,42944444;132433;13,40916667;410;548;FLG R;Wind turbine;;;;
55N 13E;9840;ST. HERRESTAD;;Y;552911;55,48638889;135231;13,87527778;328;482;FLG R;Wind turbine;;;;
55N 13E;10009;MINNESBERG;;Y;552841;55,47805556;131139;13,19416667;390;571;FLG R;Wind turbine;;;;
55N 13E;10123;SVAL…V;;Y;555407;55,90194444;130851;13,1475;328;525;FLG R;Wind turbine;;;;
55N 13E;10124;SVAL…V;;Y;555413;55,90361111;130834;13,14277778;328;535;FLG R;Wind turbine;;;;
55N 13E;10147;MARIEHOLM;;Y;555231;55,87527778;130729;13,12472222;328;449;FLG R;Wind turbine;;;;
55N 13E;10255;TROLLEBERG;;Y;554202;55,70055556;130744;13,12888889;390;430;FLG R;Wind turbine;;;;
55N 13E;10256;TROLLEBERG;;Y;554203;55,70083333;130728;13,12444444;390;423;FLG R;Wind turbine;;;;
55N 13E;10257;TOMELILLA;;Y;553525;55,59027778;135931;13,99194444;390;659;FLG R;Wind turbine;;;;
55N 13E;10328;BOARP;;Y;554921;55,8225;134636;13,77666667;453;971;FLG R;Wind turbine;;;;
55N 13E;10329;BOARP;;Y;554911;55,81972222;134612;13,77;453;978;FLG R;Wind turbine;;;;
55N 13E;10330;BOARP;;Y;554905;55,81805556;134639;13,7775;453;974;FLG R;Wind turbine;;;;
55N 13E;10331;SVAL…V;;Y;555722;55,95611111;130253;13,04805556;410;656;FLG R;Wind turbine;;;;
55N 13E;10332;SVAL…V;;Y;555710;55,95277778;130302;13,05055556;410;653;FLG R;Wind turbine;;;;
55N 13E;10333;SVAL…V;;Y;555658;55,94944444;130311;13,05305556;410;653;FLG R;Wind turbine;;;;
55N 13E;10338;RBY;;Y;554930;55,825;133921;13,65583333;390;784;FLG R;Wind turbine;;;;
55N 13E;10423;K€VLINGE;;Y;554940;55,82777778;130744;13,12888889;410;515;FLG R;Wind turbine;;;;
55N 13E;10424;K€VLINGE;;Y;554934;55,82611111;130804;13,13444444;410;515;FLG R;Wind turbine;;;;
55N 13E;10425;K€VLINGE;;Y;554928;55,82444444;130824;13,14;410;518;FLG R;Wind turbine;;;;
55N 13E;10506;KLGERUP;;Y;553648;55,61333333;131602;13,26722222;417;469;FLG R;Wind turbine;;;;
55N 13E;10507;KLGERUP;;Y;553638;55,61055556;131614;13,27055556;417;456;FLG R;Wind turbine;;;;
55N 13E;10508;KLGERUP;;Y;553628;55,60777778;131625;13,27361111;417;453;FLG R;Wind turbine;;;;
55N 13E;10509;RAMSSA;;Y;553428;55,57444444;135334;13,89277778;328;541;FLG R;Wind turbine;;;;
55N 13E;10510;KLGERUP;;Y;553644;55,61222222;131429;13,24138889;390;427;FLG R;Wind turbine;;;;
55N 13E;10586;SKABERSJ…;;Y;553217;55,53805556;131110;13,18611111;410;564;FLG R;Wind turbine;;;;
55N 13E;10587;SKABERSJ…;;Y;553223;55,53972222;131132;13,19222222;410;554;FLG R;Wind turbine;;;;
55N 13E;10588;SKABERSJ…;;Y;553231;55,54194444;131056;13,18222222;410;558;FLG R;Wind turbine;;;;
55N 13E;10589;SKABERSJ…;;Y;553124;55,52333333;130919;13,15527778;410;561;FLG R;Wind turbine;;;;
55N 13E;10590;SKABERSJ…;;Y;553113;55,52027778;130926;13,15722222;410;531;FLG R;Wind turbine;;;;
55N 13E;10684;VINNINGE;;Y;553643;55,61194444;131450;13,24722222;390;413;FLG R;Wind turbine;;;;
55N 13E;10685;VINNINGE;;Y;553642;55,61166667;131510;13,25277778;390;436;FLG R;Wind turbine;;;;
55N 13E;10698;ST BEDDINGE;;Y;552334;55,39277778;132609;13,43583333;410;482;FLG R;Wind turbine;;;;
55N 13E;10778;ST HERRESTAD;;Y;552900;55,48333333;135035;13,84305556;328;476;FLG R;Wind turbine;;;;
55N 13E;10779;ST HERRESTAD;;Y;552904;55,48444444;135052;13,84777778;328;489;FLG R;Wind turbine;;;;
55N 13E;10780;ST HERRESTAD;;Y;552900;55,48333333;135109;13,8525;328;486;FLG R;Wind turbine;;;;
55N 13E;11433;SVAL…V;;Y;555444;55,91222222;130327;13,0575;335;558;FLG R;Wind turbine;;;;
55N 13E;11434;SVAL…V;;Y;555443;55,91194444;130313;13,05361111;335;545;FLG R;Wind turbine;;;;
55N 13E;11550;LINDER…D;;Y;555535;55,92638889;134453;13,74805556;328;853;F R;Mast;;;;
55N 13E;11718;TOMELILLA;;Y;553351;55,56416667;135849;13,98027778;390;659;FLG R;Wind turbine;;;;
55N 13E;11739;ENBW WINDPARK BALTIC 2 M2;;Y;550005;55,00138889;131154;13,19833333;456;456;FR/FLGR;Wind turbine;;;;
55N 13E;11742;ENBW WINDPARK BALTIC 2 N2;;Y;550009;55,0025;131233;13,20916667;456;456;FR/FLGR;Wind turbine;;;;
55N 13E;11744;ENBW WINDPARK BALTIC 2 N1;;Y;550029;55,00805556;131223;13,20638889;456;456;FR/FLGR;Wind turbine;;;;
55N 13E;12034;ENBW WINDPARK BALTIC 2 I1;;Y;550019;55,00527778;130906;13,15166667;456;456;FR/FLGR;Wind turbine;;;;
55N 13E;12044;ENBW WINDPARK BALTIC 2 M1;;Y;550028;55,00777778;131143;13,19527778;456;456;FR/FLGR;Wind turbine;;;;
55N 13E;12050;ENBW WINDPARK BALTIC 2 O1;;Y;550030;55,00833333;131303;13,2175;456;456;FR/FLGR;Wind turbine;;;;
55N 13E;12051;ENBW WINDPARK BALTIC 2 O2;;Y;550012;55,00333333;131311;13,21972222;456;456;FR/FLGR;Wind turbine;;;;
55N 13E;12054;ENBW WINDPARK BALTIC 2 P2;;Y;550008;55,00222222;131354;13,23166667;456;456;FR/FLGR;Wind turbine;;;;
55N 13E;12056;ENBW WINDPARK BALTIC 2 P1;;Y;550031;55,00861111;131333;13,22583333;456;456;FR/FLGR;Wind turbine;;;;
55N 13E;12057;ENBW WINDPARK BALTIC 2 J1;;Y;550026;55,00722222;130943;13,16194444;456;456;FR/FLGR;Wind turbine;;;;
55N 13E;12058;ENBW WINDPARK BALTIC 2 J2;;Y;550006;55,00166667;130952;13,16444444;456;456;FR/FLGR;Wind turbine;;;;
55N 13E;12063;ENBW WINDPARK BALTIC 2 K1;;Y;550027;55,0075;131022;13,17277778;456;456;FR/FLGR;Wind turbine;;;;
55N 13E;12064;ENBW WINDPARK BALTIC 2 K2;;Y;550006;55,00166667;131032;13,17555556;456;456;FR/FLGR;Wind turbine;;;;
55N 13E;12070;ENBW WINDPARK BALTIC 2 L1;;Y;550028;55,00777778;131103;13,18416667;456;456;FR/FLGR;Wind turbine;;;;
55N 13E;12071;ENBW WINDPARK BALTIC 2 L2;;Y;550006;55,00166667;131113;13,18694444;456;456;FR/FLGR;Wind turbine;;;;
55N 13E;12114;BILLEBERGA;;Y;555339;55,89416667;130141;13,02805556;433;636;FLG R;Wind turbine;;;;
55N 13E;12115;TIRUP;;Y;555341;55,89472222;130204;13,03444444;433;646;FLG R;Wind turbine;;;;
55N 13E;12236;TOLLARP;;Y;555317;55,88805556;135557;13,9325;328;912;F R;Mast;;;;
55N 13E;12391;… S…NNARSL…V;;Y;555205;55,86805556;135729;13,95805556;492;1102;FLG R;Wind turbine;;;;
55N 13E;12392;… S…NNARSL…V;;Y;555226;55,87388889;135741;13,96138889;492;1037;F R;Wind turbine;;;;
55N 13E;12393;… S…NNARSL…V;;Y;555220;55,87222222;135810;13,96944444;492;1056;FLG R;Wind turbine;;;;
55N 13E;12394;… S…NNARSL…V;;Y;555234;55,87611111;135838;13,97722222;492;1027;FLG R;Wind turbine;;;;
55N 13E;12395;… S…NNARSL…V;;Y;555255;55,88194444;135814;13,97055556;492;978;FLG R;Wind turbine;;;;
55N 13E;12396;… S…NNARSL…V;;Y;555238;55,87722222;135812;13,97;492;1014;F R;Wind turbine;;;;
55N 13E;12397;… S…NNARSL…V;;Y;555246;55,87944444;135737;13,96027778;492;1030;F R;Wind turbine;;;;
55N 13E;12398;… S…NNARSL…V;;Y;555221;55,8725;135706;13,95166667;492;1093;FLG R;Wind turbine;;;;
55N 13E;12399;… S…NNARSL…V;;Y;555226;55,87388889;135636;13,94333333;492;1066;FLG R;Wind turbine;;;;
55N 13E;12400;… S…NNARSL…V;;Y;555233;55,87583333;135605;13,93472222;492;1096;FLG R;Wind turbine;;;;
55N 13E;12401;… S…NNARSL…V;;Y;555305;55,88472222;135753;13,96472222;492;997;FLG R;Wind turbine;;;;
55N 13E;12402;… S…NNARSL…V;;Y;555313;55,88694444;135726;13,95722222;492;1030;FLG R;Wind turbine;;;;
55N 13E;12403;… S…NNARSL…V;;Y;555326;55,89055556;135722;13,95611111;492;1010;FLG R;Wind turbine;;;;
55N 13E;12404;… S…NNARSL…V;;Y;555337;55,89361111;135702;13,95055556;492;1033;FLG R;Wind turbine;;;;
55N 13E;12405;… S…NNARSL…V;;Y;555302;55,88388889;135605;13,93472222;492;1099;FLG R;Wind turbine;;;;
55N 13E;12406;… S…NNARSL…V;;Y;555251;55,88083333;135624;13,94;492;1063;F R;Wind turbine;;;;
55N 13E;12407;… S…NNARSL…V;;Y;555324;55,89;135640;13,94444444;492;1089;FLG R;Wind turbine;;;;
55N 13E;12421;… S…NNARSL…V;;Y;555316;55,88777778;135609;13,93583333;492;1079;FLG R;Wind turbine;;;;
55N 13E;12600;…NNARP;;Y;552553;55,43138889;132648;13,44666667;394;545;FLG R;Wind turbine;;;;
55N 13E;12605;OXIE;;Y;553311;55,55305556;130451;13,08083333;328;492;F R;Mast;;;;
55N 13E;12607;TIRUP;;Y;555344;55,89555556;130256;13,04888889;492;689;FLG R;Wind turbine;;;;
55N 13E;12617;K€VLINGE;;Y;554638;55,77722222;131153;13,19805556;390;499;FLG R;Wind turbine;;;;
55N 13E;12618;K€VLINGE;;Y;554631;55,77527778;131134;13,19277778;390;495;FLG R;Wind turbine;;;;
55N 13E;12619;K€VLINGE;;Y;554626;55,77388889;131153;13,19805556;390;499;FLG R;Wind turbine;;;;
55N 14E;20;KIVIK;;Y;554005,1;55,66808333;140929;14,15805556;361;926;F R;Mast;;;;
55N 14E;21;GLIMMINGE;;Y;553004,4;55,50122222;141539,3;14,26091667;361;585;F R;Mast;;;;
55N 14E;885;LISTERLANDET/BJ…RKENABBEN;;Y;555929,4;55,9915;144000,2;14,66672222;453;458;F R;Mast;;;;
55N 14E;4432;LISTERLANDET/BJ…RKENABBEN;;Y;555926;55,99055556;144001,8;14,66716667;453;460;F R;Mast;;;;
55N 14E;8606;LYNGBY;;Y;555255;55,88194444;140929;14,15805556;459;479;FLG R;Wind turbine;;;;
55N 14E;8607;LYNGBY;;Y;555250;55,88055556;140954;14,165;459;476;FLG R;Wind turbine;;;;
55N 14E;9061;BORRBY;;Y;552813;55,47027778;141013;14,17027778;328;476;F R;Wind turbine;;;;
55N 14E;9547;HUAR…D;;Y;555018;55,83833333;140028;14,00777778;328;853;F R;Mast;;;;
55N 14E;9626;BORRBY;;Y;552822;55,47277778;141012;14,17;331;479;FLG R;Wind turbine;;;;
55N 14E;9802;EVER…D;;Y;555307;55,88527778;140935;14,15972222;459;479;FLG R;Wind turbine;;;;
55N 14E;9803;EVER…D;;Y;555304;55,88444444;140951;14,16416667;459;476;FLG R;Wind turbine;;;;
55N 14E;9978;G€RSN€S;;Y;553133;55,52583333;141127;14,19083333;410;541;FLG R;Wind turbine;;;;
55N 14E;9979;G€RSN€S;;Y;553144;55,52888889;141123;14,18972222;410;541;FLG R;Wind turbine;;;;
55N 14E;9980;G€RSN€S;;Y;553155;55,53194444;141119;14,18861111;410;558;FLG R;Wind turbine;;;;
55N 14E;9981;G€RSN€S;;Y;553107;55,51861111;141053;14,18138889;410;541;FLG R;Wind turbine;;;;
55N 14E;9982;G€RSN€S;;Y;553118;55,52166667;141051;14,18083333;410;548;FLG R;Wind turbine;;;;
55N 14E;9983;G€RSN€S;;Y;553146;55,52944444;141203;14,20083333;410;541;FLG R;Wind turbine;;;;
55N 14E;9984;G€RSN€S;;Y;553159;55,53305556;140842;14,145;410;591;FLG R;Wind turbine;;;;
55N 14E;9985;G€RSN€S;;Y;553148;55,53;140853;14,14805556;410;594;FLG R;Wind turbine;;;;
55N 14E;9986;G€RSN€S;;Y;553156;55,53222222;140908;14,15222222;410;587;FLG R;Wind turbine;;;;
55N 14E;10701;BORRBY;;Y;552815;55,47083333;141128;14,19111111;328;486;FLG R;Wind turbine;;;;
55N 14E;12104;TAGGEN VINDPARK;;Y;555222;55,87277778;143110;14,51944444;328;328;F R;Mast;;;;
56N 12E;25;HALMSTAD/OSKARSTR…M;;Y;564723;56,78972222;12561;12,93361111;1066;1523;F R/FLG W;Mast;;;;
56N 12E;26;H€LSINGBORG;;Y;560044;56,01222222;124247;12,71305556;400;423;F R;Chimney;;;;
56N 12E;27;H€LSINGBORG/OLYMPIA;;Y;560312;56,05333333;124229;12,70805556;361;492;F R;Mast;;;;
56N 12E;750;HELSINGBORG 2;;Y;560206;56,035;124141;12,69472222;394;404;F R;Chimney;;;;
56N 12E;5977;K€RRET;;Y;565952;56,99777778;122903;12,48416667;328;390;F R;Wind turbine;;;;
56N 12E;7623;L…NHULT;;Y;561110;56,18611111;124213;12,70361111;328;351;F R;Wind turbine;;;;
56N 12E;8732;LNGS;;Y;565947;56,99638889;122825;12,47361111;410;469;F R;Wind turbine;;;;
56N 12E;8785;LNGS;;Y;565943;56,99527778;122759;12,46638889;410;469;F R;Wind turbine;;;;
56N 12E;8786;LNGS;;Y;565934;56,99277778;122810;12,46944444;410;469;F R;Wind turbine;;;;
56N 12E;8787;LNGS;;Y;565937;56,99361111;122833;12,47583333;410;476;F R;Wind turbine;;;;
56N 12E;9265;MIDDELGRUND;;Y;563347;56,56305556;120621;12,10583333;394;394;F R;Mast;;;;
56N 12E;9394;LINDHULT;;Y;565655;56,94861111;122759;12,46638889;459;509;FLG R;Wind turbine;;;;
56N 12E;9395;LINDHULT;;Y;565647;56,94638889;122815;12,47083333;459;509;FLG R;Wind turbine;;;;
56N 12E;9396;LINDHULT;;Y;565638;56,94388889;122831;12,47527778;459;505;FLG R;Wind turbine;;;;
56N 12E;9397;LINDHULT;;Y;565629;56,94138889;122848;12,48;459;509;FLG R;Wind turbine;;;;
56N 12E;10019;TORUP;;Y;565513;56,92027778;125906;12,985;492;1040;FLG R;Wind turbine;;;;
56N 12E;10020;TORUP;;Y;565526;56,92388889;125910;12,98611111;492;1093;FLG R;Wind turbine;;;;
56N 12E;10021;TORUP;;Y;565539;56,9275;125905;12,98472222;492;1079;FLG R;Wind turbine;;;;
56N 12E;10022;TORUP;;Y;565554;56,93166667;125857;12,9825;492;1102;FLG R;Wind turbine;;;;
56N 12E;10141;RSTAD;;Y;565457;56,91583333;124443;12,74527778;394;830;F R;Mast;;;;
56N 12E;10600;VESSIGEBRO;;Y;565747;56,96305556;124439;12,74416667;492;974;FLG R;Wind turbine;;;;
56N 12E;10601;VESSIGEBRO;;Y;565753;56,96472222;124506;12,75166667;492;961;FLG R;Wind turbine;;;;
56N 12E;10602;VESSIGEBRO;;Y;565756;56,96555556;124540;12,76111111;492;925;FLG R;Wind turbine;;;;
56N 12E;10603;VESSIGEBRO;;Y;565810;56,96944444;124606;12,76833333;492;873;FLG R;Wind turbine;;;;
56N 12E;10604;VESSIGEBRO;;Y;565809;56,96916667;124528;12,75777778;492;860;FLG R;Wind turbine;;;;
56N 12E;10605;VESSIGEBRO;;Y;565806;56,96833333;124458;12,74944444;492;883;FLG R;Wind turbine;;;;
56N 12E;11231;BJ…RSERED;;Y;565954;56,99833333;125041;12,84472222;335;778;F R;Mast;;;;
56N 12E;11245;VESSIGEBRO;;Y;565958;56,99944444;124216;12,70444444;492;863;FLG R;Wind turbine;;;;
56N 12E;11250;VESSIGEBRO;;Y;565940;56,99444444;124359;12,73305556;492;965;FLG R;Wind turbine;;;;
56N 12E;11251;VESSIGEBRO;;Y;565954;56,99833333;124348;12,73;492;869;FLG R;Wind turbine;;;;
56N 12E;11436;FYLLINGE;;Y;563923;56,65638889;125939;12,99416667;476;728;FLG R;Wind turbine;;;;
56N 12E;11437;FYLLINGE;;Y;563903;56,65083333;125946;12,99611111;476;719;FLG R;Wind turbine;;;;
56N 12E;11503;VESSIGEBRO;;Y;565754;56,965;124706;12,785;489;886;FLG R;Wind turbine;;;;
56N 12E;11504;VESSIGEBRO;;Y;565822;56,97277778;124723;12,78972222;489;873;FLG R;Wind turbine;;;;